Modelo;RMSE;MAE;R2
Rede neural - caret/nnet;3.620616978;2.881892608;0.814356803
