mpg;cyl;disp;hp;drat;wt;qsec;vs;am;gear;carb;.pred;residuo
21;6;160;110;3.9;2.875;17.02;0;1;4;4;17.97898647;3.021013528
14.3;8;360;245;3.21;3.57;15.84;0;0;3;4;15.57084461;-1.270844606
33.9;4;71.1;65;4.22;1.835;19.9;1;1;4;1;34.73252545;-0.832525449
15.8;8;351;264;4.22;3.17;14.5;0;1;5;4;22.20318685;-6.40318685
